payment iD,name on card,card number,exp date,billing address,card type,cust ID
60166800651,Denna Pesic,6150498598933150,01-24,26 Beilfuss Pass,American express,5783768
59329590437,Jermayne Hardcastle,5062192498311000,05-25,23764 Oak Valley Lane,Visa,8621364
14203093287,Chris Galey,4568275474017360,02-23,92 Mallory Crossing,American express,9394292
75696218456,Grady Breitling,8139772130034590,05-23,9 Debra Plaza,mastercard,170751
83368983603,Kristian Bissett,2158138428358940,02-23,456 Schiller Drive,Visa,1910688
27133377771,Ingram Fain,4329288685788080,03-25,8 Garrison Parkway,Visa,5984677
93929010871,Yorke Bouzan,9385351961550740,04-25,74044 Ridge Oak Court,American express,2995541
92128072280,Winn Scoyles,9320977696149660,06-26,939 Brickson Park Terrace,Visa,9798710
49029048860,Peter Laughton,8821568657174060,02-26,46 Northwestern Park,mastercard,6791273
98146932263,Alys Edland,6091604639353200,06-24,14 5th Park,mastercard,1791155
51947135562,Minette Capelen,3677336359107670,09-24,832 Weeping Birch Place,American express,537511
89170898215,Garrik Gebhardt,1602755284691780,06-24,26245 Tony Crossing,American express,3330965
81308998637,Blake Lanceley,1050682772708120,10-26,313 Kropf Court,American express,2720850
71071667507,Travus Ricciardelli,8103027753399180,05-26,2 Warbler Point,American express,9202412
42751440120,Kellina Smalls,5453485131550690,03-25,91 Novick Drive,mastercard,7516309
26852400573,Bearnard Ashmore,9930825234450330,06-25,1 Rockefeller Alley,American express,817225
48196465219,Anjela Severns,7025375769972520,02-27,815 1st Junction,American express,415115
42258851304,Reagen Herries,7508034352557010,03-26,7513 Meadow Vale Junction,Visa,1449694
19365464964,Claiborn Clementel,1042116231928950,08-23,712 Rieder Parkway,American express,5602142
42335939227,Faustina Kalker,7529894745079950,01-25,19853 Manitowish Circle,American express,6563627
72709394827,Shalom Pryor,5525819070104240,01-26,7 Mcguire Junction,American express,861080
13359374102,Rufe Pagnin,3895548149181550,11-24,2 Lakeland Drive,American express,2044592
65879456362,Drud Spottiswood,8602447376929570,12-23,470 Roth Place,Visa,9714519
96127727594,Marianna Barwis,5195953714166650,11-25,0770 Browning Circle,mastercard,478387
67066841767,Wilek Morch,6471211893627560,12-24,04102 Pankratz Junction,American express,5764087
37150182264,Farrel Spaldin,5060442479671330,02-27,4297 Spenser Street,mastercard,9559448
54521811993,Delaney Waterman,3987186169860960,12-25,60004 Sommers Drive,American express,7111947
60787265502,Mickey Stickells,7058354453783900,03-23,98 Mariners Cove Pass,Visa,507125
34724824458,Dorthea Gerdts,5182699230422280,12-25,943 Carioca Pass,American express,8520675
52163192523,Cecelia Humphries,9373534643380150,10-26,55 Gerald Lane,Visa,1814563
99389361267,Prudence Gergely,4686481523145790,11-24,216 Pleasure Park,American express,7065196
73337966774,Stanford Ambrogetti,3081818349495520,04-23,62 Ruskin Circle,American express,647800
26531194167,Travers Zellmer,8391590780497550,06-25,03673 Burrows Point,American express,4791237
90070105584,Bette-ann Warrilow,4499643309042470,02-23,1351 Loeprich Drive,Visa,5165008
98155147985,Iseabal Cressar,3738422858566820,02-23,3644 Nelson Road,American express,5366470
86774962758,Rurik Akister,3311623126714240,11-26,682 Carberry Drive,mastercard,766644
6283503499,Gerda Scourfield,6176324641897690,01-24,7 American Ash Crossing,American express,650871
17757045521,Zorine Poznanski,280656131512495,01-27,29 Almo Road,Visa,4657031
69669745799,Emmie Birtonshaw,9814625095476560,03-25,02 Farragut Center,American express,655885
84052281853,Gar Sprake,8516041880928040,10-25,54624 Dayton Junction,American express,4450395
52932974422,Genny Wildber,3504144486077420,11-24,22 5th Parkway,American express,7839442
70292743006,Hatti Wankling,1878304258717040,11-24,4 Independence Lane,mastercard,8661377
42286385842,Stacie Bellsham,3568041781204390,12-25,23772 Goodland Plaza,American express,1515480
90626598885,Cleve Vassano,7707357393924430,08-23,8851 Fremont Crossing,mastercard,2084310
30987930187,Richmound Cleynman,9728925296857800,11-23,6794 Mayer Crossing,American express,7250053
22690606606,Evy St Clair,6598955927682730,12-25,6 Old Gate Center,Visa,6732959
83953110782,Yvon Wellum,308127789889236,04-27,2 Crowley Center,mastercard,7001847
55353756897,Stella Charman,4418279383766410,08-23,13501 Sugar Park,American express,4976154
54558168838,Donny Sutliff,7925926319996840,04-24,73 Texas Court,American express,3404358
35609201210,Alvinia Britzius,7460138783287060,01-23,6260 Hazelcrest Court,mastercard,6560791
16476506843,Lydie Stanway,5395179463517440,06-23,67 Mariners Cove Lane,American express,176241
23606786713,Herve Winger,9934454049240090,12-25,86706 Dayton Hill,Visa,3981808
67095014357,Galina Sainer,4017999848043250,01-25,04 Jenifer Trail,American express,3607244
34965752956,Anne Edgeon,8570071845216040,08-24,31511 Stuart Road,American express,4182920
11544836914,Joelle O'Heneghan,7989840962241060,12-23,8923 Division Circle,American express,3540272
50820375459,Bald Ebbens,7406046889431760,04-27,5495 Warbler Court,mastercard,2558043
22371170029,Ronnica Olivo,9172103552819820,05-23,73 Lyons Terrace,American express,394530
38629268891,Jobina Budgey,7673089704188410,10-24,48 Kensington Crossing,American express,6627042
10417957415,Nicholle Landrick,1691161809436460,10-26,8730 Anhalt Court,American express,9540010
33986877356,Artair Devas,2835586132337830,11-26,94 Hoard Terrace,Visa,5200686
70547019660,Cassie Elix,1381624912387870,06-25,24694 Sage Junction,American express,5381198
11347261844,Maribelle Sole,3185936936768900,04-23,7 Cascade Hill,mastercard,9754473
77052899177,Cyndy Osmon,3915516285659490,06-23,9 Dennis Trail,mastercard,1359558
21241512869,Koral Priestley,3437719107102840,03-27,18 Texas Drive,mastercard,3640018
83620284716,Lorenza Pollicott,5224780209888660,04-23,1 Commercial Crossing,Visa,4255789
72121611553,Brion Whatman,6585517760362070,03-25,14 Harbort Center,American express,2758111
51873836041,Meggy Gerling,1315676790613750,08-26,2 Crescent Oaks Crossing,mastercard,8395598
15893568265,Dore Pestell,7236153723742040,04-23,12425 Lakeland Junction,American express,4792028
64202404255,Alys Haddrill,4207359460225390,09-24,23549 David Circle,mastercard,6823997
7216932440,Sherill Heasman,6672964363347900,04-24,6 Corry Place,Visa,7701379
